Company,Category
5050 Photo Booth,Photobooths
A Gala Event Catering & Events,Caterers
A Gala Event Catering & Events,Decor
A Gala Event Catering & Events,Linens
A Grand Occasion,Decor
A Grand Occasion,Florists
A Grand Occasion,Wedding Planners
A Need For Place Settings,Rentals - General
A Royal Flush Rentals,Rentals - General
A Signature Event by Krista,Wedding Planners
A Very Good Hair Day,Hair & Makeup
Absolute Rentals,Rentals - General
Absolutely Delicious Catering & Event Staging,Caterers
Adam Swift Photography,Photography
Alamo City Party Rents,Linens
Alamo City Party Rents,Rentals - General
Alamo City Popcorn,Caterers
Alamo City Popcorn,Popcorn
Alamo Dermatology,Beauty & Wellness
Alamo Plants and Petals,Decor
Alamo Plants and Petals,Florists
Ali B. Beauty,Hair & Makeup
All In The Details Events,Wedding Planners
Allen Farmhaus,Reception Venues
Allison Jeffers Photography,Photography
Aly Am Paperie Invitations & Gifts,Gifts
Aly Am Paperie Invitations & Gifts,Invitations
Anna Kay Photography,Photography
Anne Marie's Catering,Caterers
Anne Marie's Event Center,Reception Venues
Anne Marie's Event Center,Rehearsal Dinners
Ara Photography,Photography
Ardore Photography,Photography
Ardore Photography,Videography
Aria Productions,Photography
Arthur Murray Dance Centers,Dance Instruction
At Last Entertainment,DJs
"Ata-Girl Photography Co., LLC",Photography
AzulBlue Journeys,Destination Weddings
AzulBlue Journeys,Honeymoon & Travel
BarbyFaces MakeUp Artistry,Hair & Makeup
Bartenders4You,Bartending & Beverages
Bell Papel,Invitations
Bella Bride Boutique,Accessories and Gifts
Bella Bride Boutique,Bridal Attire
Bella Bridesmaids,Accessories and Gifts
Bella Bridesmaids,Bridal Attire
Bella On The Vine,Reception Venues
Biga on the Banks,Reception Venues
Biga on the Banks,Rehearsal Dinners
Biga on the Banks,Restaurants
"Blanca's Cakes, Catering & Decor",Cakes & Sweets
"Blanca's Cakes, Catering & Decor",Caterers
"Blanca's Cakes, Catering & Decor",Decor
Blanco BBQ,Caterers
Blanco BBQ,Reception Venues
Blanco BBQ,Rehearsal Dinners
Blooms by HEB,Florists
Blush & The Bride,Hair & Makeup
Blush Make-up & Hair,Hair & Makeup
Braid'N Hairpins,Hair & Makeup
Brick at Blue Star,Reception Venues
Bridal Connection at Stone Oak,Bridal Attire
Bridal Galleria,Bridal Attire
Bridal Galleria,Mother of the Bride
Bride on a Budget Events,Wedding Planners
Brides By Elizabeth,Bridal Attire
Brides By Elizabeth,Mother of the Bride
Cadillac Bar Restaurant,Reception Venues
Cadillac Bar Restaurant,Rehearsal Dinners
Caitlin's Creations Photography & Design,Boudoir Photography
Caitlin's Creations Photography & Design,Invitations
Caitlin's Creations Photography & Design,Photography
Cake Art,Cakes & Sweets
"Cake Shop, The",Cakes & Sweets
Cakes & More Bake Shop,Cakes & Sweets
Cakes Couture,Cakes & Sweets
Cakes Rock San Antonio,Cakes & Sweets
Canyon Lake Cabins & Cottages,Guest Accommodations
Canyon Lake Cabins & Cottages,Reception Venues
Canyon Lakeview Resort,Guest Accommodations
Canyon Lakeview Resort,Reception Venues
Canyon Springs Golf Club,Reception Venues
Canyon Springs Golf Club,Rehearsal Dinners
Carriage Hills Ranch,Reception Venues
Cedar & Oak Entertainment and Events LLC,DJs
Chairish The Day,Hair & Makeup
Chandelier of Gruene,Reception Venues
Charity Teague Confections,Cakes & Sweets
Chic Concepts,Decor
Chic Concepts,Florists
Chic Concepts,Wedding Planners
Chicken Scratch Photography,Photography
Christian Ellis Images,Videography
Christian Margain Photography,Photography
Christian Margain Photography,Videography
Christopher Hall at St. Mark,Reception Venues
Christopher Hall at St. Mark,Rehearsal Dinners
Coffeecionado,Gifts
Courtyard by Marriott SeaWorld/Westover Hills,Guest Accommodations
Courtyard by Marriott SeaWorld/Westover Hills,Reception Venues
Courtyard by Marriott SeaWorld/Westover Hills,Rehearsal Dinners
Couture Events,Wedding Planners
Creations Cakes,Cakes & Sweets
Cru Vintage Rentals,Rentals - Vintage
Cutting Edge Entertainment,DJs
Cutting Edge Entertainment,Lighting
Cutting Edge Entertainment,Photobooths
David Pezzat Photographers,Photography
De Vinnie's Paradise,Decor
De Vinnie's Paradise,Florists
De Vinnie's Paradise,Linens
Debi's Bridal,Accessories and Gifts
Debi's Bridal,Bridal Attire
Detailed by Raemie Jones,Decor
Detailed by Raemie Jones,Linens
Detailed by Raemie Jones,Rentals - General
Diamonds & Dreams,Wedding Planners
Diamonds Direct,Jewelers
Dos Kiwis Studio,Photography
Dos Kiwis Studio,Videography
DoubleTree by Hilton San Antonio Airport1,Guest Accommodations
DoubleTree by Hilton San Antonio Airport1,Reception Venues
DoubleTree by Hilton San Antonio Airport1,Rehearsal Dinners
Doubletree by Hilton San Antonio Downtown Hotel,Guest Accommodations
Doubletree by Hilton San Antonio Downtown Hotel,Reception Venues
Down Mirror-Me Lane,Photobooths
DPC Event Services  - Linens,Linens
DPC Event Services  - Linens,Rentals - General
DPC Event Services - Rentals,Dance Floor
DPC Event Services - Rentals,Linens
DPC Event Services - Rentals,Rentals - General
DPC Event Services-Flipbooks,Flipbooks
DPC Event Services-Flipbooks,Rentals - General
DPC Event Services-Lighting,Lighting
DPC Event Services-Lighting,Rentals - General
"Dreams Do Come True, LLC.",Wedding Planners
Eagle Dancer Ranch,Reception Venues
Eden's Echo Floral Design,Decor
Eden's Echo Floral Design,Florists
Elevate Bartending Service,Bartending & Beverages
Elite Sound Productions,DJs
Elliott Hamilton Photography,Photography
Embassy Suites Brooks City Base,Reception Venues
Embassy Suites San Antonio Landmark,Guest Accommodations
Embassy Suites San Antonio Landmark,Reception Venues
Embassy Suites San Antonio Landmark,Rehearsal Dinners
Evember,Decor
Evember,Florists
Event Ignition - Lighting,DJs
Event Ignition - Lighting,Lighting
Event Ignition - Lighting,Photobooths
Events by Touch of Elegance,Decor
Events by Touch of Elegance,Linens
Events by Touch of Elegance,Rentals - General
Everlasting Elopements,Elopements
Everlasting Elopements,Officiant
Everlasting Elopements,Wedding Ceremony Only
Everlasting Elopements - Ceremony Only,Elopements
Everlasting Elopements - Ceremony Only,Officiant
Everlasting Elopements - Ceremony Only,Wedding Ceremony Only
Everlasting Elopements - Officiant,Elopements
Everlasting Elopements - Officiant,Officiant
Everlasting Elopements - Officiant,Wedding Ceremony Only
Evrafter Studio,Videography
Fair Oaks Ranch & Country Club,Bridal Showers
Fair Oaks Ranch & Country Club,Reception Venues
Fair Oaks Ranch & Country Club,Rehearsal Dinners
Fairmount Hotel,Guest Accommodations
Fairmount Hotel,Reception Venues
Fairmount Hotel,Rehearsal Dinners
FeedBack Catering,Caterers
Firefly Farm,Guest Accommodations
Firefly Farm,Reception Venues
Firefly Farm,Rehearsal Dinners
First Protestant Church,Reception Venues
First Protestant Church,Wedding Ceremony Only
Five Star Wedding Gown Specialists,Accessories and Gifts
Five Star Wedding Gown Specialists,Dry Cleaners
Five Star Wedding Gown Specialists,Gown Preservation
Flair Floral,Decor
Flair Floral,Florists
Floral Elegance,Decor
Floral Elegance,Florists
Four 40 Entertainment,DJs
Four 40 Entertainment,Lighting
Four 40 Entertainment,Musicians
Freesia Designs,Decor
Freesia Designs,Florists
Freesia Designs,Linens
Freesia Designs,Rentals - General
Fresh Horizons Creative Catering,Caterers
from His garden Event Planning and Floral Decor,Florists
from His garden Event Planning and Floral Decor,Wedding Planners
Frosted Delights by Joyce,Cakes & Sweets
Future Sounds Disc Jockey Service,DJs
Gaines Entertainment,DJs
Gaines Entertainment,Photobooths
Girl General,Accessories and Gifts
Girl General,Calligraphy
Girl General,Invitations
Got It Covered Events,Caterers
Got It Covered Events,Decor
Got It Covered Events,Linens
Great Events and Rentals,Dance Floor
Great Events and Rentals,Lighting
Great Events and Rentals,Linens
Great Events and Rentals,Rentals - General
Greg Reese Events,Wedding Planners
Gruene Estate,Reception Venues
Gruene Estate,Wedding Ceremony Only
Guadalajara Grill,Reception Venues
Guadalajara Grill,Rehearsal Dinners
Guadalajara Grill,Restaurants
Habana Cowboy,Cigars
Hacienda Santa Maria,Reception Venues
Hacienda Santa Maria,Rehearsal Dinners
Hair and Makeup by Ana,Hair & Makeup
Hannah Charis Photography,Photography
Harper Hill Ranch,Guest Accommodations
Harper Hill Ranch,Reception Venues
Harper Hill Ranch,Rehearsal Dinners
Harvey Jacobs Custom Catering,Caterers
Hayes Hollow at Hidden Falls,Reception Venues
Heavenly BBQ,Caterers
Heavenly Gourmet Catering,Caterers
HIllside Boutique Hotel,Guest Accommodations
HIllside Boutique Hotel,Reception Venues
HIllside Boutique Hotel,Rehearsal Dinners
Hilton Palacio del Rio River Walk,Guest Accommodations
Hilton Palacio del Rio River Walk,Reception Venues
Hilton Palacio del Rio River Walk,Rehearsal Dinners
Hilton San Antonio Airport,Guest Accommodations
Hilton San Antonio Airport,Reception Venues
Hilton San Antonio Airport,Rehearsal Dinners
Hilton San Antonio Hill Country,Guest Accommodations
Hilton San Antonio Hill Country,Reception Venues
Hilton San Antonio Hill Country,Rehearsal Dinners
Hofmann Ranch by Wedgewood Weddings,Reception Venues
Hofmann Ranch by Wedgewood Weddings,Rehearsal Dinners
Holy Trinity Banquet Hall,Reception Venues
Holy Trinity Banquet Hall,Rehearsal Dinners
Hotel Valencia Riverwalk,Guest Accommodations
Hotel Valencia Riverwalk,Reception Venues
Hotel Valencia Riverwalk,Rehearsal Dinners
House of Blooms,Florists
Hyatt Regency Hill Country Resort and Spa,Guest Accommodations
Hyatt Regency Hill Country Resort and Spa,Reception Venues
Hyatt Regency Hill Country Resort and Spa,Rehearsal Dinners
Illumifloor,Dance Floor
"Illusions Tents, Rentals and Event Design",Decor
"Illusions Tents, Rentals and Event Design",Linens
"Illusions Tents, Rentals and Event Design",Rentals - General
Image Avenue Clothiers,Alterations
Image Avenue Clothiers,Bridal Attire
Image Avenue Clothiers,Tuxedos
Indulgences Hair & Body Salon,Beauty & Wellness
Indulgences Hair & Body Salon,Hair & Makeup
Ivy Hall,Reception Venues
Ivy Hall,Rehearsal Dinners
JAX Studio,Hair & Makeup
JCraft Events,Wedding Planners
Jersson Luna Photography,Photography
Jimmy Lyn's,Caterers
Jingu House & Japanese Tea Garden,Reception Venues
Jingu House & Japanese Tea Garden,Rehearsal Dinners
Jingu House & Japanese Tea Garden,Restaurants
Jingu House & Japanese Tea Garden,Wedding Ceremony Only
JL Bar Ranch Resort and Spa,Reception Venues
Joe Caruso - Pop-Jazz & Swing Singer,Bands
Joe Caruso - Pop-Jazz & Swing Singer,Musicians
Jonathan Ivy Photography,Photography
Jose Fernando Studio,Photography
Jose Fernando Studio,Videography
Joyful Unions of San Antonio,Officiant
Joyous 442 Event Planning & Design,Wedding Planners
Julian Gold Bridal Salon,Bridal Attire
Julian Gold Bridal Salon,Invitations
Kelly Lepeska - Professional Vocalist,Musicians
Kelly Lepeska - Professional Vocalist,Vocalists
Kendall Point,Reception Venues
Keziah Bevans Bridal Hair and Makeup Artistry,Hair & Makeup
Khalil and Co. Bridal and Beauty,Hair & Makeup
Kiwi Kouture Boudoir Photography,Boudoir Photography
Kiwi Kouture Boudoir Photography,Photography
Klarity Photos,Photography
La Bonne Vie Ranch,Guest Accommodations
La Bonne Vie Ranch,Reception Venues
La Bonne Vie Ranch,Rehearsal Dinners
La Cantera Resort & Spa,Guest Accommodations
La Cantera Resort & Spa,Reception Venues
La Cantera Resort & Spa,Rehearsal Dinners
La Escondida  Celebration Center,Reception Venues
La Escondida  Celebration Center,Rehearsal Dinners
Lambermont Events,Reception Venues
Lambermont Events,Rehearsal Dinners
Las Fuentes by Emporium,Reception Venues
Lassos By Design,Jewelers
Lasting Impressions by Design,Wedding Planners
Laura Stiles Photo,Photography
Lee Coronado Photography,Boudoir Photography
Lee Coronado Photography,Photography
lesley's Flowers,Florists
Leslie Lane Llamas,Animal Rentals
Leslie Lane Llamas,Rentals - General
Linda Rukavina Photography,Boudoir Photography
Linda Rukavina Photography,Photography
Liv & Love Bridal,Bridal Attire
Liv & Love Bridal,Mother of the Bride
Lo Caruthers Photography,Boudoir Photography
Lo Caruthers Photography,Photography
Los Encinos Hill Country Estate,Reception Venues
Lost Mission,Reception Venues
Lost Mission,Wedding Ceremony Only
Love Story Addicts,Wedding Planners
"Love, Lipstick and Lashes",Hair & Makeup
Lumen Events,DJs
Lumen Events,Lighting
Luxe Appel,Cakes & Sweets
Luxe Appel,Caterers
Mad Mad Photo Booths,Photobooths
Madame Make-up On Location,Hair & Makeup
Magnolia Gardens on Main,Reception Venues
Magnolia Gardens on Main,Rehearsal Dinners
Magnolia Halle,Reception Venues
Magnolia Halle,Rehearsal Dinners
Marby's Brides and Events,Wedding Planners
Marriott Plaza San Antonio,Guest Accommodations
Marriott Plaza San Antonio,Reception Venues
Marriott Plaza San Antonio,Rehearsal Dinners
Masquerade DJ Service,DJs
Masquerade DJ Service,Lighting
Masquerade DJ Service,Photobooths
Matamoros Restaurante Y Cantina,Caterers
Matamoros Restaurante Y Cantina,Reception Venues
Matamoros Restaurante Y Cantina,Rehearsal Dinners
Matamoros Restaurante Y Cantina,Restaurants
May Carlson Photography,Photography
Mayra Eads Photography,Photography
MBP Photo Booth,Photobooths
McNay Art Museum,Reception Venues
McNay Art Museum,Rehearsal Dinners
Meemo's Bakery,Cakes & Sweets
Melissa & Arturo Photography,Photography
Melissa & Arturo Photography,Videography
Mind Your Self,Premarital Counseling
Mission Trail Events,Reception Venues
Modern Wellness Counseling,Premarital Counseling
Moments By Quattro,Photography
Moments By Quattro,Videography
My Own Chef Catering,Caterers
Nadler's Bakery & Deli,Cakes & Sweets
Nadler's Bakery & Deli,Caterers
"Nelda Etheredge Harpist, Musician Services & Teacher",Musicians
Nicole Mera,Jewelers
Nolo Beauty Bar,Beauty & Wellness
Nolo Beauty Bar,Hair & Makeup
Notable Design,Invitations
Oak Valley Vineyards Restaurant,Reception Venues
Oak Valley Vineyards Restaurant,Rehearsal Dinners
Oakleaf Florist,Decor
Oakleaf Florist,Florists
Olivia Grace Bridal,Bridal Attire
Olympia Hills Golf & Event Center,Reception Venues
Olympia Hills Golf & Event Center,Rehearsal Dinners
Omni Colonnade Hotel,Guest Accommodations
Omni Colonnade Hotel,Reception Venues
Omni Colonnade Hotel,Rehearsal Dinners
Omni La Mansion del Rio,Guest Accommodations
Omni La Mansion del Rio,Reception Venues
Omni La Mansion del Rio,Rehearsal Dinners
One-Stop Party Professional DJ Services,DJs
Orchids in Blue,Rentals - General
Orchids in Blue,Wedding Planners
Paloma Blanca Mexican Cuisine,Caterers
Paloma Blanca Mexican Cuisine,Reception Venues
Paloma Blanca Mexican Cuisine,Rehearsal Dinners
Paloma Blanca Mexican Cuisine,Restaurants
Pat O'Brien's Grand Promenade,Reception Venues
Pat O'Brien's Grand Promenade,Rehearsal Dinners
Paty Araujo Photography,Photography
Pedrotti's Ranch,Reception Venues
Pedrotti's Ranch,Rehearsal Dinners
PG Special Events Catering,Caterers
Philip Thomas Photography,Photography
Phoenician Ballroom - St. George Maronite Center,Reception Venues
Phoenician Ballroom - St. George Maronite Center,Rehearsal Dinners
Plaza Lecea Event Center,Reception Venues
Portraits By Roxann Lynn,Photography
Power Sounds DJ Service,DJs
Power Sounds DJ Service,Lighting
Raise The Bar,Bartending & Beverages
Raise The Bar,Wedding Planners
Raul's Photography,Photography
Reese Events Group,Florists
Reese Events Group,Lighting
Reese Events Group,Linens
Reese Events Group,Rentals - General
Reese Events Group,Wedding Planners
Reiley + Rose,Florists
Rex Formal Wear,Tuxedos
Rio Cibolo Ranch,Reception Venues
Rio Cibolo Ranch,Rehearsal Dinners
Rio Plaza,Reception Venues
Rio Plaza,Rehearsal Dinners
River City Catering,Caterers
River City Catering,Rehearsal Dinners
Riverside Catering,Caterers
Rockin' B Ranch,Guest Accommodations
Rockin' B Ranch,Reception Venues
Rockin' B Ranch,Rehearsal Dinners
Rosemary's Catering,Caterers
Rosenberg Skyroom,Reception Venues
Rosenberg Skyroom,Rehearsal Dinners
Rustic Romance Rentals,Rentals - Vintage
Ryan Hamilton Photography,Photography
San Antonio Botanical Garden,Reception Venues
San Antonio Botanical Garden,Rehearsal Dinners
San Antonio Wedding Professionals,Officiant
San Antonio Wedding Professionals,Premarital Counseling
San Antonio Wedding Professionals,Wedding Planners
San Fernando Hall,Reception Venues
Sarah Katherine Portrait Design,Boudoir Photography
Sarah Katherine Portrait Design,Photography
Secrets by Miss Lisa,Boudoir Photography
Secrets by Miss Lisa,Photography
ShastaGram Vintage Trailer Photo Booth,Photobooths
Sheraton Gunter Hotel,Guest Accommodations
Sheraton Gunter Hotel,Reception Venues
Sheraton Gunter Hotel,Rehearsal Dinners
Signature Ice Sculptures,Ice Sculptures
Sisterdale Dance Hall & Opera House,Reception Venues
Sisterdale Dance Hall & Opera House,Rehearsal Dinners
Smoke In The Hills BBQ,Caterers
Soigne & Co,Rentals - General
Sonja Westberg Harpist,Musicians
Southern Tapsters,Bartending & Beverages
Spice of Life Catering,Caterers
St. Anthony Hotel,Guest Accommodations
St. Anthony Hotel,Reception Venues
St. Anthony Hotel,Rehearsal Dinners
St. Matthew's McDonald Family Center & Parish Hall,Reception Venues
St. Matthew's McDonald Family Center & Parish Hall,Rehearsal Dinners
St. Paul Community Center,Reception Venues
Starlight Fireworks & Special Effects,Fireworks
Starlite Management & Productions,Bands
Starlite Management & Productions,Musicians
Starlite Management & Productions,Vocalists
Stone Oak Jewelers,Accessories and Gifts
Stone Oak Jewelers,Jewelers
Straughan Photography,Photography
Strawberry Pines,Reception Venues
Sun Gold Photography,Photography
Sunset Ranch,Reception Venues
Sunset Station,Reception Venues
Sunset Station,Rehearsal Dinners
Sweet Traditions,Cakes & Sweets
Sweet Traditions,Chocolate Fountains
Tapatio Springs Hill Country Resort & Spa,Guest Accommodations
Tapatio Springs Hill Country Resort & Spa,Reception Venues
Tapatio Springs Hill Country Resort & Spa,Rehearsal Dinners
Texas Wedding Ministers - Reverend Rene Esparza,Elopements
Texas Wedding Ministers - Reverend Rene Esparza,Officiant
The Cake Shop,Cakes & Sweets
The Club at Garden Ridge,Reception Venues
The Club at Garden Ridge,Rehearsal Dinners
The Club At Sonterra,Bachelor and Bachelorette Parties
The Club At Sonterra,Reception Venues
The Club At Sonterra,Rehearsal Dinners
The Crystal Room,Reception Venues
The Crystal Room,Rehearsal Dinners
The Dominion Country Club,Reception Venues
The Dominion Country Club,Rehearsal Dinners
The Emporium by Yarlen Banquet & Special Event Center,Photobooths
The Emporium by Yarlen Banquet & Special Event Center,Reception Venues
The Emporium by Yarlen Banquet & Special Event Center,Rehearsal Dinners
The Faithful Maker,Calligraphy
The Faithful Maker,Decor
The Gardens of Cranesbury View,Reception Venues
The Gardens of Cranesbury View,Rehearsal Dinners
The Guenther House,Reception Venues
The Guenther House,Rehearsal Dinners
The Guenther House,Wedding Ceremony Only
The Jack Guenther Pavilion,Reception Venues
The Jack Guenther Pavilion,Rehearsal Dinners
The Kneaded Cupboard,Cakes & Sweets
The Oaks at Heavenly,Reception Venues
The Oaks at Heavenly,Rehearsal Dinners
The Olive Branch Floral Design,Florists
The Overlook Event Center,Reception Venues
The Printed Bride,Invitations
The River Terrace,Reception Venues
The Villa at Cielo Vista,Reception Venues
The Vintage Bouquet,Florists
The Vinyl Diva Studio,Bachelor and Bachelorette Parties
The Vinyl Diva Studio,Gifts
The Westin Riverwalk,Guest Accommodations
The Westin Riverwalk,Reception Venues
The Westin Riverwalk,Rehearsal Dinners
The Woodward House,Reception Venues
The Woodward House,Rehearsal Dinners
Tim The Girl Catering,Caterers
Timeless Moments By Design,Wedding Planners
Tin Can Custard Co.,Caterers
Tower of the Americas,Reception Venues
Tower of the Americas,Rehearsal Dinners
Tower of the Americas,Restaurants
True Flavors Catering,Caterers
True Texas BBQ,Caterers
True Texas BBQ,Rehearsal Dinners
Under The Sun Photography,Photography
Unique Creations Plus,Decor
Unique Creations Plus,Linens
Unique Creations Plus,Reception Venues
Unleashed Boudoir,Boudoir Photography
Uptown Flowers,Florists
Vega's Event Group,DJs
Vega's Photo Booths,Photobooths
Village Venue,Reception Venues
Village Venue,Rehearsal Dinners
Walstonphoto,Photography
Wanda Deagen Dance Studio,Dance Instruction
Wedding & Event Designs By Pamela,Wedding Planners
Wedding Cakes Exclusively by H-E-B,Cakes & Sweets
Wedding Fair,Bridal Shows
Weddings by Design by H-E-B,Florists
Weddings by Design by H-E-B,Wedding Planners
Weddings By Diana Boucher,Wedding Planners
Weddings Services by H-E-B,Cakes & Sweets
Weddings Services by H-E-B,Caterers
Weddings Services by H-E-B,Florists
Western Sky Wedding & Event Venue,Reception Venues
Western Sky Wedding & Event Venue,Rehearsal Dinners
Wyndham Garden San Antonio Riverwalk/Museum Reach,Guest Accommodations
Wyndham Garden San Antonio Riverwalk/Museum Reach,Reception Venues
Wyndham Garden San Antonio Riverwalk/Museum Reach,Rehearsal Dinners
Wyndham San Antonio Riverwalk,Guest Accommodations
Wyndham San Antonio Riverwalk,Reception Venues
Wyndham San Antonio Riverwalk,Rehearsal Dinners